,Order ID,Customer Age,Bike Value,Existing Customer?,Store,Bike,Quarter,Day of Month
0,11,57,902,No,Birmingham , Road,2,10
1,12,31,946,Yes,Leeds , Road,1,17
2,13,17,1296,Yes,Birmingham , Road,4,25
3,14,59,1166,Yes,Manchester , Road,3,18
4,15,24,1781,No,Manchester , Mountain,4,10
5,16,59,1074,No,York , Mountain,2,10
6,17,57,1188,No,York , Mountain,3,14
7,18,56,544,No,York , Mountain,4,23
8,19,34,579,Yes,York , Gravel,4,24
9,20,17,1021,Yes,York , Gravel,2,24
10,21,36,786,Yes,London , Road,3,6
11,22,51,1596,No,London , Road,1,3
12,23,24,745,No,London , Road,1,20
13,24,50,1937,No,London , Road,2,13
14,25,35,1958,No,Leeds , Mountain,2,8
15,26,34,659,Yes,Birmingham , Mountain,4,21
16,27,56,1403,Yes,Leeds , Mountain,3,4
17,28,28,1347,Yes,Birmingham , Mountain,4,2
18,29,24,1755,No,Manchester , Gravel,3,2
19,30,54,1190,No,Manchester , Gravel,1,2
20,31,50,1643,No,York , Road,3,17
21,32,22,934,No,York , Road,1,29
22,33,30,968,Yes,York , Road,4,13
23,34,37,881,Yes,York , Road,3,21
24,35,52,1413,Yes,York , Mountain,1,11
25,36,59,1906,No,London , Mountain,2,30
26,37,53,1889,No,London , Mountain,2,4
27,38,56,1426,No,London , Mountain,3,20
28,39,50,1116,No,London , Gravel,1,8
29,40,15,1353,Yes,Leeds , Gravel,3,5
30,41,28,768,Yes,Birmingham , Road,2,18
31,42,56,1737,Yes,Leeds , Road,3,3
32,43,47,826,No,Birmingham , Road,2,16
33,44,28,1824,No,Manchester , Road,1,7
34,45,18,1706,No,Manchester , Mountain,1,18
35,46,38,1411,No,York , Mountain,1,30
36,47,37,415,Yes,York , Mountain,2,13
37,48,56,1894,Yes,York , Mountain,1,11
38,49,15,653,Yes,York , Gravel,1,16
39,50,56,1666,No,York , Gravel,2,30
40,51,53,714,No,London , Road,1,6
41,52,16,1557,No,London , Road,1,31
42,53,21,653,No,London , Road,1,25
43,54,42,936,Yes,London , Road,3,21
44,55,22,1401,Yes,Leeds , Mountain,3,21
45,56,18,638,Yes,York , Mountain,2,25
46,57,25,1406,No,York , Mountain,2,25
47,58,30,1948,No,York , Mountain,2,27
48,59,28,1327,No,York , Gravel,2,17
49,60,17,831,No,York , Gravel,3,11
50,61,17,1081,Yes,London , Road,4,19
51,62,73,1074,Yes,London , Road,4,17
52,63,57,993,Yes,London , Road,4,1
53,64,54,1569,No,London , Road,3,20
54,65,26,683,No,Leeds , Mountain,1,14
55,66,40,1579,No,Birmingham , Mountain,4,7
56,67,22,871,No,Leeds , Mountain,2,30
57,68,54,1136,Yes,Birmingham , Mountain,3,29
58,69,21,1659,Yes,Manchester , Gravel,3,16
59,70,24,1545,Yes,Manchester , Gravel,1,22
60,71,60,887,No,York , Road,1,3
61,72,32,433,No,York , Road,1,24
62,73,37,675,No,York , Road,4,10
63,74,39,516,No,York , Road,1,4
64,75,23,1960,Yes,York , Mountain,3,30
65,76,15,780,Yes,London , Mountain,2,14
66,77,16,1858,Yes,London , Mountain,3,7
67,78,20,429,No,London , Mountain,1,19
68,79,47,1319,No,London , Gravel,3,26
69,80,37,1988,No,Leeds , Gravel,1,3
70,81,40,1605,No,Birmingham , Road,4,13
71,82,52,870,Yes,Leeds , Road,1,3
72,83,28,894,Yes,Birmingham , Road,2,24
73,84,20,895,Yes,Manchester , Road,3,26
74,85,60,681,No,Manchester , Mountain,2,29
75,86,21,1841,No,York , Mountain,2,13
76,87,57,487,No,York , Mountain,4,11
77,88,44,574,No,York , Mountain,4,25
78,89,56,1093,Yes,York , Gravel,1,12
79,90,27,453,Yes,York , Gravel,2,17
80,91,50,629,Yes,London , Road,3,27
81,92,51,808,No,London , Road,1,15
82,93,54,1661,No,London , Road,2,2
83,94,31,1957,No,London , Road,3,17
84,95,39,437,No,Leeds , Mountain,3,8
85,96,31,1667,Yes,Birmingham , Mountain,3,9
86,97,60,1779,Yes,Leeds , Mountain,3,21
87,98,50,1892,Yes,Birmingham , Mountain,2,25
88,99,58,1772,No,Manchester , Gravel,2,21
89,100,25,1155,No,Manchester , Gravel,1,23
90,101,35,896,No,York , Road,3,29
91,102,24,602,No,York , Road,4,26
92,103,22,993,Yes,York , Road,3,24
93,104,18,1973,Yes,York , Road,2,5
94,105,39,789,Yes,York , Mountain,1,19
95,106,28,1283,No,London , Mountain,2,4
96,107,43,1246,No,London , Mountain,4,18
97,108,44,1163,No,London , Mountain,4,4
98,109,29,564,No,London , Gravel,3,2
99,110,18,792,Yes,Leeds , Gravel,1,19
100,111,45,1749,Yes,York , Road,4,24
101,112,47,883,Yes,York , Road,3,11
102,113,40,1877,No,York , Road,2,7
103,114,17,420,No,York , Road,3,7
104,115,47,1018,No,York , Mountain,3,17
105,116,27,480,No,London , Mountain,4,9
106,117,26,678,Yes,London , Mountain,1,25
107,118,30,1830,Yes,London , Mountain,2,9
108,119,39,1722,Yes,London , Gravel,3,7
109,120,39,891,No,Leeds , Gravel,2,31
110,121,46,1404,No,Birmingham , Road,2,28
111,122,44,1767,No,Leeds , Road,2,25
112,123,54,470,No,Birmingham , Road,3,15
113,124,37,1572,Yes,Manchester , Road,3,3
114,125,20,1898,Yes,Manchester , Mountain,4,2
115,126,18,1158,Yes,York , Mountain,1,16
116,127,37,654,No,York , Mountain,4,21
117,128,41,955,No,York , Mountain,3,4
118,129,39,1786,No,York , Gravel,1,6
119,130,26,1387,No,York , Gravel,3,28
120,131,58,432,Yes,London , Road,3,6
121,132,58,658,Yes,London , Road,4,22
122,133,40,1006,Yes,London , Road,1,20
123,134,49,971,No,London , Road,4,1
124,135,60,1175,No,Leeds , Mountain,2,16
125,136,59,1224,No,Birmingham , Mountain,1,22
126,137,57,1994,No,Leeds , Mountain,2,30
127,138,44,1434,Yes,Birmingham , Mountain,1,23
128,139,41,472,Yes,Manchester , Gravel,3,14
129,140,27,1625,Yes,Manchester , Gravel,3,7
130,141,48,638,No,York , Road,2,29
131,142,35,1183,No,York , Road,4,17
132,143,30,1415,No,York , Road,2,23
133,144,36,718,No,York , Road,3,19
134,145,59,1108,Yes,York , Mountain,1,26
135,146,25,1399,Yes,London , Mountain,1,10
136,147,21,1442,Yes,London , Mountain,3,26
137,148,40,874,No,London , Mountain,2,29
138,149,36,461,No,London , Gravel,2,28
139,150,34,1947,No,Leeds , Gravel,3,16
140,151,40,1283,No,Birmingham , Road,2,3
141,152,57,1567,Yes,Leeds , Road,2,18
142,153,49,1333,Yes,Birmingham , Road,3,12
143,154,31,905,Yes,Manchester , Road,1,11
144,155,28,1277,No,Manchester , Mountain,1,6
145,156,36,1548,No,York , Mountain,3,9
146,157,18,1020,No,York , Mountain,1,16
147,158,59,534,No,York , Mountain,1,21
148,159,29,795,Yes,York , Gravel,1,2
149,160,27,1400,Yes,York , Gravel,2,7
150,161,54,1663,Yes,London , Road,1,28
151,162,17,471,No,London , Road,1,24
152,163,32,857,No,London , Road,3,18
153,164,17,1889,No,London , Road,2,10
154,165,52,1830,No,Leeds , Mountain,1,25
155,166,15,975,Yes,York , Mountain,1,5
156,167,39,861,Yes,York , Mountain,1,6
157,168,41,1898,Yes,York , Mountain,2,7
158,169,15,611,No,York , Gravel,1,20
159,170,36,1021,No,York , Gravel,3,30
160,171,37,1520,No,London , Road,1,2
161,172,22,1778,No,London , Road,4,26
162,173,59,933,Yes,London , Road,2,16
163,174,57,443,Yes,London , Road,2,16
164,175,37,923,Yes,Leeds , Mountain,4,3
165,176,48,696,No,Birmingham , Mountain,4,18
166,177,41,789,No,Leeds , Mountain,2,30
167,178,47,1352,No,Birmingham , Mountain,2,28
168,179,30,1426,No,Manchester , Gravel,3,22
169,180,36,1011,Yes,Manchester , Gravel,4,4
170,181,44,1506,Yes,York , Road,1,27
171,182,31,1205,Yes,York , Road,4,28
172,183,36,660,No,York , Road,4,13
173,184,38,1052,No,York , Road,3,7
174,185,50,1742,No,York , Mountain,4,28
175,186,47,765,No,London , Mountain,4,6
176,187,29,1195,Yes,London , Mountain,1,10
177,188,31,1343,Yes,London , Mountain,3,24
178,189,42,725,Yes,London , Gravel,2,21
179,190,44,928,No,Leeds , Gravel,1,25
180,191,28,1736,No,Birmingham , Road,3,3
181,192,26,1653,No,Leeds , Road,2,26
182,193,34,1045,No,Birmingham , Road,1,26
183,194,35,1245,Yes,Manchester , Road,2,14
184,195,47,1980,Yes,Manchester , Mountain,1,20
185,196,43,1881,Yes,York , Mountain,4,18
186,197,49,1691,No,York , Mountain,2,11
187,198,37,535,No,York , Mountain,3,18
188,199,25,816,No,York , Gravel,2,9
189,200,30,999,No,York , Gravel,3,10
190,201,34,1255,Yes,London , Road,1,26
191,202,41,1998,Yes,London , Road,2,4
192,203,37,1610,Yes,London , Road,3,14
193,204,25,1438,No,London , Road,2,19
194,205,27,1203,No,Leeds , Mountain,2,24
195,206,29,1626,No,Birmingham , Mountain,2,4
196,207,32,1833,No,Leeds , Mountain,3,29
197,208,46,1133,Yes,Birmingham , Mountain,2,18
198,209,30,1113,Yes,Manchester , Gravel,2,2
199,210,34,1544,Yes,Manchester , Gravel,1,2
200,211,41,787,No,York , Road,2,19
201,212,38,641,No,York , Road,4,30
202,213,30,596,No,York , Road,1,21
203,214,49,645,No,York , Road,3,6
204,215,50,1906,Yes,York , Mountain,2,14
205,216,33,1923,Yes,London , Mountain,2,13
206,217,44,607,Yes,London , Mountain,2,10
207,218,36,1773,No,London , Mountain,1,26
208,219,34,936,No,London , Gravel,1,4
209,220,33,1399,No,Leeds , Gravel,2,4
210,221,48,433,No,York , Road,3,18
211,222,29,1415,Yes,York , Road,2,13
212,223,30,1327,Yes,York , Road,2,26
213,224,35,1105,Yes,York , Road,2,15
214,225,39,1496,No,York , Mountain,2,30
215,226,35,1949,No,London , Mountain,3,7
216,227,43,910,No,London , Mountain,4,3
217,228,36,1317,No,London , Mountain,3,27
218,229,27,646,Yes,London , Gravel,1,16
219,230,27,419,Yes,Leeds , Gravel,4,29
220,231,25,1593,Yes,Birmingham , Road,1,21
221,232,37,889,No,Leeds , Road,2,5
222,233,29,877,No,Birmingham , Road,4,23
223,234,46,1073,No,Manchester , Road,1,4
224,235,35,1360,No,Manchester , Mountain,1,8
225,236,40,1482,Yes,York , Mountain,4,9
226,237,40,545,Yes,York , Mountain,4,16
227,238,34,1644,Yes,York , Mountain,2,20
228,239,34,1899,No,York , Gravel,4,28
229,240,36,1108,No,York , Gravel,1,19
230,241,37,1024,No,London , Road,4,22
231,242,28,1404,No,London , Road,4,4
232,243,29,1549,Yes,London , Road,1,26
233,244,36,1189,Yes,London , Road,2,15
234,245,42,1076,Yes,Leeds , Mountain,2,10
235,246,43,976,No,Birmingham , Mountain,4,15
236,247,31,1284,No,Leeds , Mountain,1,3
237,248,48,532,No,Birmingham , Mountain,2,19
238,249,25,1070,No,Manchester , Gravel,1,13
239,250,38,1132,Yes,Manchester , Gravel,3,1
240,251,33,633,Yes,York , Road,3,18
241,252,40,1237,Yes,York , Road,4,11
242,253,31,533,No,York , Road,3,6
243,254,32,1758,No,York , Road,1,9
244,255,33,843,No,York , Mountain,1,10
245,256,48,736,No,London , Mountain,3,30
246,257,49,1755,Yes,London , Mountain,1,26
247,258,42,1014,Yes,London , Mountain,4,14
248,259,35,995,Yes,London , Gravel,4,9
249,260,41,572,No,Leeds , Gravel,3,28
250,261,31,537,No,Birmingham , Road,2,27
251,262,47,1493,No,Leeds , Road,1,7
252,263,25,1979,No,Birmingham , Road,2,23
253,264,45,525,Yes,Manchester , Road,2,22
254,265,25,1620,Yes,Manchester , Mountain,1,30
255,266,45,1761,Yes,York , Mountain,4,4
256,267,29,1628,No,York , Mountain,2,15
257,268,35,1490,No,York , Mountain,3,26
258,269,34,656,No,York , Gravel,2,16
259,270,25,1721,No,York , Gravel,1,15
260,271,50,1526,Yes,London , Road,1,24
261,272,32,913,Yes,London , Road,3,9
262,273,26,1472,Yes,London , Road,2,26
263,274,26,979,No,London , Road,1,4
264,275,43,1587,No,Leeds , Mountain,3,27
265,276,47,1794,No,York , Mountain,3,11
266,277,40,1697,No,York , Mountain,4,26
267,278,48,1833,Yes,York , Mountain,1,4
268,279,35,520,Yes,York , Gravel,1,6
269,280,33,659,Yes,York , Gravel,2,29
270,281,44,1888,No,London , Road,3,28
271,282,43,1677,No,London , Road,3,10
272,283,48,1486,No,London , Road,3,18
273,284,40,1913,No,London , Road,2,3
274,285,37,839,Yes,Leeds , Mountain,3,23
275,286,45,1652,Yes,Birmingham , Mountain,1,15
276,287,46,1833,Yes,Leeds , Mountain,2,29
277,288,29,765,No,Birmingham , Mountain,4,6
278,289,33,990,No,Manchester , Gravel,1,25
279,290,37,1116,No,Manchester , Gravel,1,16
280,291,34,657,No,York , Road,4,22
281,292,36,567,Yes,York , Road,2,8
282,293,42,1839,Yes,York , Road,2,10
283,294,33,770,Yes,York , Road,3,6
284,295,45,649,No,York , Mountain,2,6
285,296,34,1120,No,London , Mountain,1,27
286,297,49,1266,No,London , Mountain,4,2
287,298,41,828,No,London , Mountain,3,3
288,299,35,1968,Yes,London , Gravel,2,6
289,300,49,602,Yes,Leeds , Gravel,3,26
290,301,33,1076,Yes,Birmingham , Road,4,10
291,302,48,1840,No,Leeds , Road,2,29
292,303,39,620,No,Birmingham , Road,1,24
293,304,40,1305,No,Manchester , Road,3,10
294,305,50,655,No,Manchester , Mountain,1,13
295,306,29,1785,Yes,York , Mountain,1,6
296,307,43,1086,Yes,York , Mountain,4,11
297,308,26,1769,Yes,York , Mountain,1,20
298,309,33,1468,No,York , Gravel,2,11
299,310,35,1020,No,York , Gravel,4,4
300,311,29,453,No,London , Road,2,18
301,312,50,1560,No,London , Road,4,29
302,313,39,680,Yes,London , Road,1,28
303,314,38,1520,Yes,London , Road,4,5
304,315,38,1010,Yes,Leeds , Mountain,2,15
305,316,33,460,No,Birmingham , Mountain,1,2
306,317,41,631,No,Leeds , Mountain,3,7
307,318,40,1581,No,Birmingham , Mountain,2,23
308,319,40,1370,No,Manchester , Gravel,2,14
309,320,35,1499,Yes,Manchester , Gravel,4,3
310,321,26,446,Yes,York , Road,3,9
311,322,28,417,Yes,York , Road,4,27
312,323,50,1452,No,York , Road,2,31
313,324,40,416,No,York , Road,2,3
314,325,50,508,No,York , Mountain,2,3
315,326,47,1863,No,London , Mountain,4,15
316,327,40,1018,Yes,London , Mountain,4,8
317,328,37,583,Yes,London , Mountain,3,14
318,329,38,1288,Yes,London , Gravel,4,9
319,330,35,1945,No,Leeds , Gravel,3,19
320,331,26,673,No,York , Road,1,12
321,332,50,1566,No,York , Road,3,30
322,333,47,841,No,York , Road,2,5
323,334,33,1595,Yes,York , Road,2,3
324,335,31,1837,Yes,York , Mountain,3,3
325,336,40,1153,Yes,London , Mountain,1,21
326,337,47,477,No,London , Mountain,3,19
327,338,41,1248,No,London , Mountain,2,12
328,339,46,984,No,London , Gravel,3,17
329,340,33,1444,No,Leeds , Gravel,3,6
330,341,40,1309,Yes,Birmingham , Road,1,3
331,342,31,1769,Yes,Leeds , Road,1,17
332,343,33,1081,Yes,Birmingham , Road,1,9
333,344,34,413,No,Manchester , Road,2,18
334,345,35,1985,No,Manchester , Mountain,4,19
335,346,76,1304,No,York , Mountain,4,29
336,347,46,1093,No,York , Mountain,1,29
337,348,29,1952,Yes,York , Mountain,3,23
338,349,37,1915,Yes,York , Gravel,3,17
339,350,47,461,Yes,York , Gravel,2,3
340,351,36,1702,No,London , Road,3,26
341,352,40,981,No,London , Road,3,29
342,353,47,1898,No,London , Road,4,1
343,354,35,1428,No,London , Road,1,18
344,355,45,1715,Yes,Leeds , Mountain,1,2
345,356,44,1479,Yes,Birmingham , Mountain,3,13
346,357,47,839,Yes,Leeds , Mountain,2,4
347,358,39,1429,No,Birmingham , Mountain,1,11
348,359,28,1682,No,Manchester , Gravel,2,20
349,360,45,778,No,Manchester , Gravel,2,4
350,361,38,498,No,York , Road,1,24
351,362,25,536,Yes,York , Road,2,17
352,363,43,1234,Yes,York , Road,4,10
353,364,26,1983,Yes,York , Road,1,12
354,365,44,1737,No,York , Mountain,4,24
355,366,47,1040,No,London , Mountain,1,23
356,367,28,1027,No,London , Mountain,2,13
357,368,36,1490,No,London , Mountain,4,6
358,369,30,1794,Yes,London , Gravel,3,26
359,370,45,1566,Yes,Leeds , Gravel,2,6
360,371,41,1427,Yes,Birmingham , Road,1,20
361,372,27,1420,No,Leeds , Road,4,13
362,373,28,897,No,Birmingham , Road,1,26
363,374,32,778,No,Manchester , Road,3,24
364,375,35,1615,No,Manchester , Mountain,4,2
365,376,50,1177,Yes,York , Mountain,4,2
366,377,25,1301,Yes,York , Mountain,2,8
367,378,25,1848,Yes,York , Mountain,3,7
368,379,27,1638,No,York , Gravel,2,17
369,380,26,1134,No,York , Gravel,4,10
370,381,43,1465,No,London , Road,1,20
371,382,29,1298,No,London , Road,2,27
372,383,43,701,Yes,London , Road,1,10
373,384,50,646,Yes,London , Road,4,20
374,385,42,1293,Yes,Leeds , Mountain,2,29
375,386,35,644,No,York , Mountain,3,29
376,387,27,1411,No,York , Mountain,1,4
377,388,28,1810,No,York , Mountain,2,4
378,389,46,1107,No,York , Gravel,2,5
379,390,48,1226,Yes,York , Gravel,2,13
380,391,27,1278,Yes,London , Road,4,8
381,392,50,1968,Yes,London , Road,4,18
382,393,38,1499,No,London , Road,2,8
383,394,35,632,No,London , Road,2,21
384,395,44,1180,No,Leeds , Mountain,4,14
385,396,34,1565,No,Birmingham , Mountain,1,3
386,397,36,1941,Yes,Leeds , Mountain,4,15
387,398,46,1539,Yes,Birmingham , Mountain,4,9
388,399,34,1695,Yes,Manchester , Gravel,1,16
389,400,25,1562,No,Manchester , Gravel,4,10
390,401,49,1262,No,York , Road,4,27
391,402,44,951,No,York , Road,2,5
392,403,25,1814,No,York , Road,4,7
393,404,49,1817,Yes,York , Road,2,11
394,405,43,1921,Yes,York , Mountain,3,31
395,406,39,1877,Yes,London , Mountain,2,11
396,407,47,528,No,London , Mountain,3,19
397,408,42,1033,No,London , Mountain,2,15
398,409,47,1145,No,London , Gravel,4,7
399,410,34,1803,No,Leeds , Gravel,2,8
400,411,36,616,Yes,Birmingham , Road,1,2
401,412,49,893,Yes,Leeds , Road,3,22
402,413,25,478,Yes,Birmingham , Road,1,11
403,414,43,827,No,Manchester , Road,3,6
404,415,27,1513,No,Manchester , Mountain,4,6
405,416,37,1365,No,York , Mountain,2,5
406,417,46,1610,No,York , Mountain,1,13
407,418,40,606,Yes,York , Mountain,1,3
408,419,41,588,Yes,York , Gravel,1,21
409,420,25,1807,Yes,York , Gravel,3,2
410,421,36,1621,No,London , Road,4,5
411,422,37,959,No,London , Road,1,31
412,423,44,1730,No,London , Road,2,7
413,424,44,465,No,London , Road,3,31
414,425,50,1133,Yes,Leeds , Mountain,3,10
415,426,47,1315,Yes,Birmingham , Mountain,2,14
416,427,50,1738,Yes,Leeds , Mountain,2,10
417,428,45,1378,No,Birmingham , Mountain,4,6
418,429,34,879,No,Manchester , Gravel,2,14
419,430,39,1816,No,Manchester , Gravel,4,29
420,431,37,643,No,York , Road,2,14
421,432,32,1279,Yes,York , Road,2,13
422,433,31,991,Yes,York , Road,1,2
423,434,26,884,Yes,York , Road,3,21
424,435,34,850,No,York , Mountain,3,15
425,436,25,1524,No,London , Mountain,2,27
426,437,30,1723,No,London , Mountain,2,6
427,438,35,858,No,London , Mountain,4,23
428,439,31,405,Yes,London , Gravel,2,20
429,440,31,839,Yes,Leeds , Gravel,1,13
430,441,26,1500,Yes,York , Road,1,11
431,442,35,1697,No,York , Road,2,15
432,443,45,518,No,York , Road,1,16
433,444,39,1893,No,York , Road,2,3
434,445,48,1422,No,York , Mountain,3,13
435,446,29,1573,Yes,London , Mountain,4,9
436,447,46,1409,Yes,London , Mountain,4,9
437,448,41,1097,Yes,London , Mountain,3,11
438,449,38,1704,No,London , Gravel,1,15
439,450,32,1145,No,Leeds , Gravel,2,30
440,451,40,1023,No,Birmingham , Road,1,26
441,452,26,1864,No,Leeds , Road,2,10
442,453,35,1574,Yes,Birmingham , Road,1,6
443,454,45,731,Yes,Manchester , Road,2,19
444,455,47,1895,Yes,Manchester , Mountain,2,10
445,456,49,687,No,York , Mountain,3,16
446,457,33,1731,No,York , Mountain,2,23
447,458,39,771,No,York , Mountain,1,5
448,459,33,1473,No,York , Gravel,1,14
449,460,34,1499,Yes,York , Gravel,3,8
450,461,36,874,Yes,London , Road,4,4
451,462,40,406,Yes,London , Road,2,11
452,463,34,822,No,London , Road,3,20
453,464,43,463,No,London , Road,3,17
454,465,38,594,No,Leeds , Mountain,4,9
455,466,36,559,No,Birmingham , Mountain,2,26
456,467,30,1397,Yes,Leeds , Mountain,3,8
457,468,41,651,Yes,Birmingham , Mountain,3,28
458,469,33,1357,Yes,Manchester , Gravel,2,16
459,470,27,744,No,Manchester , Gravel,4,22
460,471,46,1595,No,York , Road,1,31
461,472,31,1180,No,York , Road,4,15
462,473,30,1459,No,York , Road,2,4
463,474,38,1588,Yes,York , Road,3,9
464,475,37,401,Yes,York , Mountain,1,23
465,476,32,1830,Yes,London , Mountain,2,8
466,477,28,1685,No,London , Mountain,3,8
467,478,39,1494,No,London , Mountain,2,27
468,479,47,1434,No,London , Gravel,2,13
469,480,45,542,No,Leeds , Gravel,3,11
470,481,38,1158,Yes,Birmingham , Road,4,10
471,482,47,1835,Yes,Leeds , Road,1,23
472,483,48,1474,Yes,Birmingham , Road,4,30
473,484,31,1619,No,Manchester , Road,3,11
474,485,35,693,No,Manchester , Mountain,2,30
475,486,41,1892,No,York , Mountain,2,17
476,487,46,820,No,York , Mountain,4,13
477,488,25,1599,Yes,York , Mountain,1,17
478,489,44,1567,Yes,York , Gravel,2,24
479,490,41,1944,Yes,York , Gravel,2,3
480,491,28,1147,No,London , Road,2,25
481,492,42,1859,No,London , Road,4,23
482,493,31,794,No,London , Road,4,21
483,494,27,1306,No,London , Road,3,12
484,495,27,1784,Yes,Leeds , Mountain,4,28
485,496,25,1302,Yes,York , Mountain,4,30
486,497,44,437,Yes,York , Mountain,2,23
487,498,33,940,No,York , Mountain,4,11
488,499,30,921,No,York , Gravel,3,30
489,500,31,1378,No,York , Gravel,4,1
490,501,25,838,No,London , Road,4,6
491,502,45,1428,Yes,London , Road,2,10
492,503,32,652,Yes,London , Road,2,5
493,504,48,1616,Yes,London , Road,1,7
494,505,34,885,No,Leeds , Mountain,3,15
495,506,31,1913,No,Birmingham , Mountain,1,8
496,507,46,742,No,Leeds , Mountain,4,3
497,508,34,1083,No,Birmingham , Mountain,2,17
498,509,26,1628,Yes,Manchester , Gravel,1,14
499,510,32,1234,Yes,Manchester , Gravel,3,3
500,511,43,1656,Yes,York , Road,3,14
501,512,33,786,No,York , Road,4,11
502,513,50,1931,No,York , Road,2,30
503,514,49,1238,No,York , Road,3,23
504,515,41,927,No,York , Mountain,1,4
505,516,43,804,Yes,London , Mountain,2,25
506,517,44,889,Yes,London , Mountain,4,6
507,518,38,1489,Yes,London , Mountain,1,5
508,519,29,989,No,London , Gravel,3,28
509,520,40,767,No,Leeds , Gravel,1,13
510,521,41,1301,No,Birmingham , Road,2,4
511,522,27,574,No,Leeds , Road,2,16
512,523,33,563,Yes,Birmingham , Road,4,7
513,524,44,1497,Yes,Manchester , Road,4,15
514,525,25,903,Yes,Manchester , Mountain,3,12
515,526,48,417,No,York , Mountain,2,30
516,527,29,1327,No,York , Mountain,2,26
517,528,28,1195,No,York , Mountain,3,8
518,529,26,1687,No,York , Gravel,3,5
519,530,49,805,Yes,York , Gravel,2,30
520,531,29,1146,Yes,London , Road,2,15
521,532,37,803,Yes,London , Road,2,7
522,533,40,785,No,London , Road,1,20
523,534,38,524,No,London , Road,4,19
524,535,48,1599,No,Leeds , Mountain,4,7
525,536,38,1532,No,Birmingham , Mountain,1,14
526,537,37,453,Yes,Leeds , Mountain,4,22
527,538,30,1137,Yes,Birmingham , Mountain,2,14
528,539,31,1884,Yes,Manchester , Gravel,4,23
529,540,35,1966,No,Manchester , Gravel,1,17
530,541,39,1430,No,York , Road,4,19
531,542,42,1772,No,York , Road,3,28
532,543,50,1219,No,York , Road,3,5
533,544,32,955,Yes,York , Road,4,9
534,545,43,410,Yes,York , Mountain,3,6
535,546,28,961,Yes,London , Mountain,2,27
536,547,82,1854,No,London , Mountain,1,7
537,548,31,1697,No,London , Mountain,3,7
538,549,40,1507,No,London , Gravel,1,25
539,550,33,1119,No,Leeds , Gravel,2,10
540,551,28,1972,Yes,York , Road,4,2
541,552,39,1609,Yes,York , Road,1,25
542,553,41,836,Yes,York , Road,3,13
543,554,35,464,No,York , Road,2,21
544,555,48,1820,No,York , Mountain,4,18
545,556,28,1008,No,London , Mountain,3,30
546,557,50,1312,No,London , Mountain,4,21
547,558,31,809,Yes,London , Mountain,4,2
548,559,50,1953,Yes,London , Gravel,1,24
549,560,38,1605,Yes,Leeds , Gravel,4,9
550,561,40,1562,No,Birmingham , Road,1,21
551,562,29,798,No,Leeds , Road,3,13
552,563,38,1699,No,Birmingham , Road,2,9
553,564,40,1394,No,Manchester , Road,2,25
554,565,50,879,Yes,Manchester , Mountain,2,7
555,566,37,622,Yes,York , Mountain,1,4
556,567,41,1568,Yes,York , Mountain,3,8
557,568,25,990,No,York , Mountain,2,10
558,569,27,1704,No,York , Gravel,3,3
559,570,25,1406,No,York , Gravel,4,17
560,571,29,888,No,London , Road,4,18
561,572,25,1570,Yes,London , Road,3,6
562,573,48,1146,Yes,London , Road,4,21
563,574,39,472,Yes,London , Road,3,18
564,575,45,1593,No,Leeds , Mountain,3,3
565,576,34,662,No,Birmingham , Mountain,4,7
566,577,38,1861,No,Leeds , Mountain,4,22
567,578,40,1703,No,Birmingham , Mountain,4,9
568,579,50,652,Yes,Manchester , Gravel,1,28
569,580,36,1970,Yes,Manchester , Gravel,2,27
570,581,27,974,Yes,York , Road,3,11
571,582,33,1375,No,York , Road,3,4
572,583,41,474,No,York , Road,4,29
573,584,25,1442,No,York , Road,3,5
574,585,25,965,No,York , Mountain,3,23
575,586,46,1517,Yes,London , Mountain,4,10
576,587,25,1355,Yes,London , Mountain,4,10
577,588,31,1799,Yes,London , Mountain,4,7
578,589,26,427,No,London , Gravel,2,17
579,590,31,756,No,Leeds , Gravel,1,9
580,591,40,1308,No,Birmingham , Road,2,23
581,592,38,908,No,Leeds , Road,4,7
582,593,33,1386,Yes,Birmingham , Road,4,10
583,594,38,1083,Yes,Manchester , Road,3,3
584,595,47,1762,Yes,Manchester , Mountain,1,20
585,596,28,639,No,York , Mountain,2,7
586,597,25,1509,No,York , Mountain,1,30
587,598,46,532,No,York , Mountain,1,6
588,599,45,1131,No,York , Gravel,1,28
589,600,42,3946,Yes,York , Gravel,2,9
590,601,25,1731,Yes,London , Road,2,6
591,602,38,3480,Yes,London , Road,3,22
592,603,44,2968,No,London , Road,1,3
593,604,46,1554,No,London , Road,1,4
594,605,31,1870,No,Leeds , Mountain,3,18
595,606,30,3839,No,York , Mountain,3,25
596,607,47,4542,Yes,York , Mountain,3,7
597,608,44,2146,Yes,York , Mountain,2,22
598,609,50,3189,Yes,York , Gravel,3,29
599,610,35,2248,No,York , Gravel,4,4
600,611,25,1256,No,London , Road,4,9
601,612,49,4847,No,London , Road,3,22
602,613,33,4128,No,London , Road,4,6
603,614,35,2743,Yes,London , Road,3,27
604,615,33,3978,Yes,Leeds , Mountain,4,2
605,616,49,4844,Yes,Birmingham , Mountain,2,11
606,617,27,4548,No,Leeds , Mountain,4,26
607,618,41,1468,No,Birmingham , Mountain,4,6
608,619,44,3008,No,Manchester , Gravel,3,12
609,620,49,1314,No,Manchester , Gravel,1,3
610,621,47,3504,Yes,York , Road,2,21
611,622,35,2483,Yes,York , Road,2,2
612,623,41,4604,Yes,York , Road,4,5
613,624,29,4111,No,York , Road,3,11
614,625,40,4582,No,York , Mountain,1,23
615,626,29,1466,No,London , Mountain,4,19
616,627,47,4315,No,London , Mountain,4,3
617,628,42,3741,Yes,London , Mountain,3,25
618,629,31,1550,Yes,London , Gravel,3,11
619,630,33,2348,Yes,Leeds , Gravel,2,29
620,631,46,2395,No,Birmingham , Road,3,30
621,632,31,2150,No,Leeds , Road,3,19
622,633,41,2102,No,Birmingham , Road,1,19
623,634,32,4873,No,Manchester , Road,4,23
624,635,37,3568,Yes,Manchester , Mountain,2,3
625,636,39,2822,Yes,York , Mountain,2,5
626,637,47,4454,Yes,York , Mountain,2,30
627,638,37,2113,No,York , Mountain,4,18
628,639,34,4398,No,York , Gravel,1,23
629,640,46,3714,No,York , Gravel,2,11
630,641,34,2559,No,London , Road,4,22
631,642,38,3956,Yes,London , Road,2,25
632,643,28,4538,Yes,London , Road,2,27
633,644,50,1536,Yes,London , Road,3,8
634,645,40,4713,No,Leeds , Mountain,3,7
635,646,36,3565,No,Birmingham , Mountain,4,21
636,647,30,3130,No,Leeds , Mountain,4,4
637,648,42,4912,No,Birmingham , Mountain,3,12
638,649,47,3299,Yes,Manchester , Gravel,4,30
639,650,49,4845,Yes,Manchester , Gravel,1,31
640,651,40,2597,Yes,York , Road,1,29
641,652,32,2898,No,York , Road,2,1
642,653,43,2461,No,York , Road,3,21
643,654,29,1918,No,York , Road,2,29
644,655,41,3129,No,York , Mountain,3,11
645,656,29,4420,Yes,London , Mountain,1,13
646,657,41,3450,Yes,London , Mountain,3,1
647,658,39,2635,Yes,London , Mountain,3,5
648,659,36,4086,No,London , Gravel,2,28
649,660,29,1105,No,Leeds , Gravel,3,15
650,661,50,4425,No,York , Road,3,17
651,662,36,1122,No,York , Road,3,28
652,663,34,1631,Yes,York , Road,4,4
653,664,28,3062,Yes,York , Road,3,13
654,665,29,4459,Yes,York , Mountain,4,10
655,666,33,1396,No,London , Mountain,1,22
656,667,25,4814,No,London , Mountain,1,6
657,668,42,2078,No,London , Mountain,4,21
658,669,28,2529,No,London , Gravel,3,21
659,670,28,3056,Yes,Leeds , Gravel,1,11
660,671,38,1399,Yes,Birmingham , Road,3,25
661,672,36,1802,Yes,Leeds , Road,4,4
662,673,43,3255,No,Birmingham , Road,2,4
663,674,43,1060,No,Manchester , Road,3,10
664,675,48,1703,No,Manchester , Mountain,1,4
665,676,50,3384,No,York , Mountain,2,16
666,677,28,2135,Yes,York , Mountain,2,19
667,678,30,4621,Yes,York , Mountain,1,5
668,679,26,1684,Yes,York , Gravel,4,28
669,680,47,4113,No,York , Gravel,4,27
670,681,29,4072,No,London , Road,3,24
671,682,30,1208,No,London , Road,2,24
672,683,26,3580,No,London , Road,2,29
673,684,42,3558,Yes,London , Road,4,11
674,685,25,1926,Yes,Leeds , Mountain,1,22
675,686,35,4714,Yes,Birmingham , Mountain,2,13
676,687,35,1334,No,Leeds , Mountain,4,7
677,688,27,4736,No,Birmingham , Mountain,1,27
678,689,29,2893,No,Manchester , Gravel,3,26
679,690,48,3743,No,Manchester , Gravel,4,7
680,691,27,3095,Yes,York , Road,1,20
681,692,30,2810,Yes,York , Road,1,27
682,693,32,3433,Yes,York , Road,4,9
683,694,48,3102,No,York , Road,3,28
684,695,34,4038,No,York , Mountain,3,16
685,696,26,2844,No,London , Mountain,2,2
686,697,33,2552,No,London , Mountain,3,5
687,698,31,4453,Yes,London , Mountain,2,13
688,699,39,3790,Yes,London , Gravel,3,26
689,700,46,1127,Yes,Leeds , Gravel,3,18
690,701,39,4191,No,Birmingham , Road,3,6
691,702,42,1180,No,Leeds , Road,3,7
692,703,46,3711,No,Birmingham , Road,2,29
693,704,25,1581,No,Manchester , Road,2,25
694,705,34,4463,Yes,Manchester , Mountain,1,3
695,706,49,3469,Yes,York , Mountain,2,8
696,707,35,4307,Yes,York , Mountain,3,21
697,708,46,3765,No,York , Mountain,1,10
698,709,45,4553,No,York , Gravel,1,2
699,710,28,2619,No,York , Gravel,3,23
700,711,36,4029,No,London , Road,2,18
701,712,44,4000,Yes,London , Road,3,7
702,713,45,2995,Yes,London , Road,4,20
703,714,48,4607,Yes,London , Road,2,21
704,715,31,1736,No,Leeds , Mountain,3,7
705,716,30,4123,No,York , Mountain,3,30
706,717,26,2130,No,York , Mountain,4,2
707,718,28,3909,No,York , Mountain,2,25
708,719,43,2087,Yes,York , Gravel,3,14
709,720,48,3385,Yes,York , Gravel,3,14
710,721,44,4491,Yes,London , Road,4,6
711,722,33,1609,No,London , Road,1,16
712,723,39,4105,No,London , Road,1,10
713,724,43,2019,No,London , Road,2,19
714,725,41,3881,No,Leeds , Mountain,1,16
715,726,49,4794,Yes,Birmingham , Mountain,4,25
716,727,46,2217,Yes,Leeds , Mountain,2,29
717,728,46,1974,Yes,Birmingham , Mountain,3,22
718,729,29,4924,No,Manchester , Gravel,2,8
719,730,33,1267,No,Manchester , Gravel,1,21
720,731,26,2002,No,York , Road,3,3
721,732,28,3356,No,York , Road,4,7
722,733,46,1833,Yes,York , Road,2,15
723,734,25,4588,Yes,York , Road,4,8
724,735,36,1930,Yes,York , Mountain,1,28
725,736,38,4064,No,London , Mountain,1,18
726,737,39,4189,No,London , Mountain,2,7
727,738,49,1442,No,London , Mountain,1,9
728,739,36,1353,No,London , Gravel,4,25
729,740,47,3167,Yes,Leeds , Gravel,1,11
730,741,32,2456,Yes,Birmingham , Road,1,21
731,742,40,2391,Yes,Leeds , Road,3,14
732,743,50,4013,No,Birmingham , Road,3,25
733,744,35,1506,No,Manchester , Road,3,18
734,745,50,3048,No,Manchester , Mountain,1,17
735,746,31,1972,No,York , Mountain,3,6
736,747,32,3329,Yes,York , Mountain,1,23
737,748,27,2065,Yes,York , Mountain,2,11
738,749,43,3666,Yes,York , Gravel,4,9
739,750,39,3199,No,York , Gravel,2,30
740,751,36,4750,No,London , Road,1,29
741,752,43,1601,No,London , Road,4,1
742,753,47,4705,No,London , Road,1,18
743,754,45,2468,Yes,London , Road,2,26
744,755,40,1394,Yes,Leeds , Mountain,4,5
745,756,42,2074,Yes,Birmingham , Mountain,3,23
746,757,38,1475,No,Leeds , Mountain,3,22
747,758,36,3884,No,Birmingham , Mountain,3,28
748,759,38,4303,No,Manchester , Gravel,1,13
749,760,31,3371,No,Manchester , Gravel,1,10
750,761,27,3021,Yes,York , Road,1,21
751,762,26,1010,Yes,York , Road,4,6
752,763,30,1503,Yes,York , Road,3,23
753,764,26,3853,No,York , Road,3,15
754,765,40,4281,No,York , Mountain,1,22
755,766,49,1092,No,London , Mountain,3,29
756,767,42,1217,No,London , Mountain,1,6
757,768,45,4235,Yes,London , Mountain,3,23
758,769,35,3380,Yes,London , Gravel,4,27
759,770,50,3724,Yes,Leeds , Gravel,2,8
760,771,30,3426,No,York , Road,2,14
761,772,43,3314,No,York , Road,3,19
762,773,88,4797,No,York , Road,1,12
763,774,37,3014,No,York , Road,2,20
764,775,39,1081,Yes,York , Mountain,3,28
765,776,38,3067,Yes,London , Mountain,4,4
766,777,32,2185,Yes,London , Mountain,2,21
767,778,37,3247,No,London , Mountain,1,18
768,779,33,1229,No,London , Gravel,3,18
769,780,44,1626,No,Leeds , Gravel,3,30
770,781,43,3619,No,Birmingham , Road,3,26
771,782,38,3049,Yes,Leeds , Road,3,30
772,783,40,1308,Yes,Birmingham , Road,1,18
773,784,39,1650,Yes,Manchester , Road,2,17
774,785,38,3001,No,Manchester , Mountain,3,24
775,786,47,4099,No,York , Mountain,1,27
776,787,33,4882,No,York , Mountain,2,24
777,788,38,2614,No,York , Mountain,4,10
778,789,34,2442,Yes,York , Gravel,1,23
779,790,48,1366,Yes,York , Gravel,4,5
780,791,48,2080,Yes,London , Road,4,19
781,792,41,2515,No,London , Road,2,4
782,793,36,3334,No,London , Road,3,10
783,794,47,4929,No,London , Road,1,22
784,795,27,1013,No,Leeds , Mountain,2,25
785,796,50,3541,Yes,Birmingham , Mountain,3,19
786,797,26,4911,Yes,Leeds , Mountain,2,11
787,798,27,4348,Yes,Birmingham , Mountain,3,20
788,799,48,1417,No,Manchester , Gravel,2,29
789,800,33,1174,No,Manchester , Gravel,2,7
790,801,25,2054,No,York , Road,2,25
791,802,47,3656,No,York , Road,2,28
792,803,43,2808,Yes,York , Road,4,12
793,804,42,1291,Yes,York , Road,2,22
794,805,40,3107,Yes,York , Mountain,2,20
795,806,43,3931,No,London , Mountain,4,9
796,807,28,4396,No,London , Mountain,2,28
797,808,35,2743,No,London , Mountain,3,27
798,809,37,1460,No,London , Gravel,3,27
799,810,26,3509,Yes,Leeds , Gravel,1,11
800,811,32,3039,Yes,Birmingham , Road,1,11
801,812,39,3939,Yes,Leeds , Road,2,30
802,813,28,3688,No,Birmingham , Road,1,19
803,814,39,2831,No,Manchester , Road,4,3
804,815,49,4499,No,Manchester , Mountain,1,18
805,816,50,4960,No,York , Mountain,3,19
806,817,28,1979,Yes,York , Mountain,2,24
807,818,27,1943,Yes,York , Mountain,4,18
808,819,35,4246,Yes,York , Gravel,2,9
809,820,34,1701,No,York , Gravel,2,22
810,821,49,3656,No,London , Road,4,10
811,822,45,3668,No,London , Road,3,18
812,823,41,3117,No,London , Road,2,9
813,824,30,1580,Yes,London , Road,1,2
814,825,49,3514,Yes,Leeds , Mountain,2,25
815,826,33,4461,Yes,York , Mountain,1,3
816,827,41,4049,No,York , Mountain,1,26
817,828,25,3295,No,York , Mountain,2,10
818,829,28,1777,No,York , Gravel,4,20
819,830,27,3971,No,York , Gravel,4,28
820,831,44,1185,Yes,London , Road,1,20
821,832,50,4184,Yes,London , Road,3,18
822,833,28,3423,Yes,London , Road,2,21
823,834,36,1313,No,London , Road,2,11
824,835,28,1608,No,Leeds , Mountain,1,31
825,836,50,3673,No,Birmingham , Mountain,1,20
826,837,47,3633,No,Leeds , Mountain,2,23
827,838,34,3080,Yes,Birmingham , Mountain,4,3
828,839,40,4959,Yes,Manchester , Gravel,3,2
829,840,47,4349,Yes,Manchester , Gravel,2,13
830,841,42,1152,No,York , Road,1,4
831,842,37,1095,No,York , Road,2,16
832,843,39,3221,No,York , Road,2,16
833,844,36,1154,No,York , Road,1,3
834,845,43,2314,Yes,York , Mountain,2,15
835,846,34,2937,Yes,London , Mountain,1,6
836,847,43,3928,Yes,London , Mountain,1,10
837,848,30,2236,No,London , Mountain,3,24
838,849,36,3494,No,London , Gravel,1,27
839,850,26,3237,No,Leeds , Gravel,2,5
840,851,43,1058,No,Birmingham , Road,1,20
841,852,43,1950,Yes,Leeds , Road,3,4
842,853,40,4762,Yes,Birmingham , Road,1,18
843,854,26,4772,Yes,Manchester , Road,3,18
844,855,48,2885,No,Manchester , Mountain,2,29
845,856,49,3553,No,York , Mountain,4,20
846,857,40,4498,No,York , Mountain,3,16
847,858,50,3374,No,York , Mountain,2,25
848,859,45,3048,Yes,York , Gravel,3,30
849,860,45,2073,Yes,York , Gravel,1,28
850,861,40,1738,Yes,London , Road,2,23
851,862,26,3664,No,London , Road,2,3
852,863,29,2114,No,London , Road,1,2
853,864,26,2910,No,London , Road,3,23
854,865,35,2015,No,Leeds , Mountain,2,15
855,866,49,1622,Yes,Birmingham , Mountain,1,23
856,867,47,3889,Yes,Leeds , Mountain,3,27
857,868,27,4641,Yes,Birmingham , Mountain,1,9
858,869,48,3451,No,Manchester , Gravel,2,17
859,870,48,3020,No,Manchester , Gravel,3,17
860,871,50,3741,No,York , Road,3,30
861,872,25,3574,No,York , Road,3,21
862,873,25,4889,Yes,York , Road,2,17
863,874,50,3729,Yes,York , Road,2,21
864,875,29,3217,Yes,York , Mountain,4,24
865,876,33,2565,No,London , Mountain,1,31
866,877,27,2804,No,London , Mountain,2,21
867,878,29,2914,No,London , Mountain,1,20
868,879,35,2204,No,London , Gravel,3,26
869,880,26,3597,Yes,Leeds , Gravel,4,31
870,881,50,4780,Yes,York , Road,1,4
871,882,42,1129,Yes,York , Road,3,28
872,883,32,4903,No,York , Road,1,28
873,884,29,4647,No,York , Road,1,6
874,885,25,4300,No,York , Mountain,2,6
875,886,29,4341,No,London , Mountain,2,7
876,887,34,4883,Yes,London , Mountain,1,11
877,888,39,2358,Yes,London , Mountain,4,5
878,889,47,2636,Yes,London , Gravel,3,6
879,890,33,3879,No,Leeds , Gravel,1,2
880,891,36,3491,No,Birmingham , Road,3,25
881,892,42,3037,No,Leeds , Road,2,6
882,893,42,4580,No,Birmingham , Road,3,8
883,894,25,3346,Yes,Manchester , Road,4,4
884,895,35,4856,Yes,Manchester , Mountain,4,5
885,896,46,1473,Yes,York , Mountain,1,7
886,897,42,3803,No,York , Mountain,2,22
887,898,47,4489,No,York , Mountain,2,30
888,899,27,3788,No,York , Gravel,3,3
889,900,25,4115,No,York , Gravel,4,14
890,901,31,2599,Yes,London , Road,4,31
891,902,36,1053,Yes,London , Road,3,14
892,903,43,3805,Yes,London , Road,2,29
893,904,40,2111,No,London , Road,4,23
894,905,33,3774,No,Leeds , Mountain,2,4
895,906,44,2643,No,Birmingham , Mountain,2,30
896,907,26,3580,No,Leeds , Mountain,2,6
897,908,50,4735,Yes,Birmingham , Mountain,4,26
898,909,46,1453,Yes,Manchester , Gravel,3,7
899,910,39,3582,Yes,Manchester , Gravel,2,29
900,911,32,3056,No,York , Road,3,7
901,912,45,4695,No,York , Road,2,21
902,913,35,2578,No,York , Road,2,8
903,914,35,4814,No,York , Road,3,25
904,915,36,1500,Yes,York , Mountain,2,5
905,916,48,3875,Yes,London , Mountain,1,27
906,917,31,3836,Yes,London , Mountain,3,19
907,918,25,1848,No,London , Mountain,1,30
908,919,25,4768,No,London , Gravel,3,16
909,920,48,4989,No,Leeds , Gravel,2,9
910,921,47,1816,No,Birmingham , Road,2,20
911,922,28,4761,Yes,Leeds , Road,4,6
912,923,31,4030,Yes,Birmingham , Road,1,6
913,924,35,3679,Yes,Manchester , Road,2,11
914,925,44,3139,No,Manchester , Mountain,3,7
915,926,26,1271,No,York , Mountain,3,17
916,927,38,1248,No,York , Mountain,2,21
917,928,48,4587,No,York , Mountain,1,4
918,929,27,2328,Yes,York , Gravel,4,10
919,930,29,2922,Yes,York , Gravel,1,28
920,931,40,1642,Yes,London , Road,3,4
921,932,30,1879,No,London , Road,3,30
922,933,50,4199,No,London , Road,2,16
923,934,43,3353,No,London , Road,2,16
924,935,37,2429,No,Leeds , Mountain,3,9
925,936,26,1783,Yes,York , Mountain,4,1
926,937,27,4511,Yes,York , Mountain,1,18
927,938,34,2704,Yes,York , Mountain,3,4
928,939,42,4093,No,York , Gravel,3,9
929,940,27,1615,No,York , Gravel,2,21
930,941,43,3676,No,London , Road,1,16
931,942,37,1161,No,London , Road,4,11
932,943,40,3462,Yes,London , Road,3,5
933,944,35,4837,Yes,London , Road,4,11
934,945,39,1262,Yes,Leeds , Mountain,4,24
935,946,27,1648,No,Birmingham , Mountain,1,28
936,947,27,4840,No,Leeds , Mountain,4,26
937,948,43,4646,No,Birmingham , Mountain,4,8
938,949,49,4080,No,Manchester , Gravel,3,22
939,950,32,2698,Yes,Manchester , Gravel,1,28
940,951,42,2472,Yes,York , Road,1,18
941,952,33,1623,Yes,York , Road,3,4
942,953,31,1589,No,York , Road,2,13
943,954,44,3500,No,York , Road,4,27
944,955,46,4613,No,York , Mountain,3,3
945,956,38,1946,No,London , Mountain,1,3
946,957,37,3434,Yes,London , Mountain,4,9
947,958,32,4159,Yes,London , Mountain,3,17
948,959,42,2441,Yes,London , Gravel,4,19
949,960,34,3685,No,Leeds , Gravel,3,15
950,961,33,2827,No,Birmingham , Road,2,27
951,962,34,1162,No,Leeds , Road,4,15
952,963,39,4120,No,Birmingham , Road,3,5
953,964,40,3701,Yes,Manchester , Road,1,19
954,965,39,2580,Yes,Manchester , Mountain,1,24
955,966,48,3085,Yes,York , Mountain,2,16
956,967,27,3235,No,York , Mountain,2,5
957,968,46,2660,No,York , Mountain,4,7
958,969,43,1526,No,York , Gravel,1,19
959,970,29,4541,No,York , Gravel,1,28
960,971,44,3898,Yes,London , Road,2,9
961,972,42,2680,Yes,London , Road,1,14
962,973,38,4122,Yes,London , Road,3,22
963,974,37,1400,No,London , Road,1,14
964,975,37,1773,No,Leeds , Mountain,1,27
965,976,31,1115,No,Birmingham , Mountain,1,13
966,977,32,4963,No,Leeds , Mountain,2,3
967,978,48,3283,Yes,Birmingham , Mountain,3,9
968,979,35,1295,Yes,Manchester , Gravel,1,25
969,980,47,1017,Yes,Manchester , Gravel,1,2
970,981,41,1013,No,York , Road,3,13
971,982,29,4350,No,York , Road,3,17
972,983,33,2337,No,York , Road,3,31
973,984,45,3760,No,York , Road,3,23
974,985,46,1291,Yes,York , Mountain,1,26
975,986,30,2403,Yes,London , Mountain,2,20
976,987,32,2606,Yes,London , Mountain,4,22
977,988,36,2367,No,London , Mountain,3,18
978,989,25,4785,No,London , Gravel,4,25
979,990,37,1315,No,Leeds , Gravel,3,16
980,991,35,3019,No,York , Road,1,23
981,992,40,3050,Yes,York , Road,3,10
982,993,38,2353,Yes,York , Road,3,25
983,994,30,4800,Yes,York , Road,2,20
984,995,28,4337,No,York , Mountain,1,17
985,996,42,3460,No,London , Mountain,1,9
986,997,48,3409,No,London , Mountain,1,17
987,998,81,2534,No,London , Mountain,1,26
988,999,37,4312,Yes,London , Gravel,2,25
989,1000,35,1200,Yes,Leeds , Gravel,1,18
